{
  "eigenvalue_analysis": {
    "eigenvalues": [
      1.000000052787787,
      1.000000052787787,
      1.0000000421690176,
      1.0000000421690176,
      0.9999999921523354,
      0.9999999921523354,
      0.9999999641043407,
      0.9999999641043407
    ],
    "successive_ratios": [
      1.0,
      1.000000010618769,
      1.0,
      1.0000000500166826,
      1.0,
      1.0000000280479957,
      1.0
    ],
    "phi_deviations": [
      0.6180339887498949,
      0.6180339781311259,
      0.6180339887498949,
      0.6180339387332123,
      0.6180339887498949,
      0.6180339607018992,
      0.6180339887498949
    ],
    "determinant": 1.0000001024269625
  },
  "magnitude_analysis": {
    "unique_magnitudes": [
      0.32888621,
      0.32888636,
      0.32888637,
      0.40131147,
      0.40131154,
      0.4126492,
      0.41264925,
      0.42208071,
      0.42208076,
      0.42278056,
      0.42278061,
      0.43252982,
      0.43252989,
      0.43846261,
      0.43846266,
      0.44454622,
      0.44454629,
      0.45527511,
      0.45527516,
      0.50916553,
      0.50916557,
      0.5105342,
      0.51053423,
      0.70800993,
      0.70801001,
      0.709474,
      0.70947403,
      0.74349597,
      0.74349602,
      0.74349603,
      0.74349604,
      0.74349605,
      0.74349606,
      0.74349607,
      0.74349614,
      0.74349619,
      0.83051892,
      0.83183124,
      0.83183128,
      0.85346028,
      0.85346034,
      0.85464554,
      0.85464557,
      0.85856737,
      0.85856741,
      0.86077823,
      0.86077827,
      0.87216896,
      0.87216903,
      0.87434546,
      0.87897354,
      0.87897356,
      0.88012441,
      0.88012447,
      0.89981923,
      0.89981929,
      0.90180475,
      0.90180479,
      0.9211035,
      0.92110355,
      0.93764409,
      0.9376441,
      0.94981115,
      0.94981116,
      0.95356925,
      0.95356933,
      0.96648105,
      0.9664811,
      0.96648112,
      0.96739977,
      0.96739979,
      0.96779978,
      0.96779984,
      0.97384074,
      0.97384075,
      0.97425744,
      0.97425749,
      0.97711044,
      0.97711048,
      0.98429146,
      0.98429148,
      0.98856246,
      0.98856252,
      0.9915047,
      0.99150474,
      0.99150476,
      0.99937454,
      0.99937455,
      0.99937462,
      0.99937463,
      0.99999997,
      1.00000006,
      1.000625,
      1.00062502,
      1.00062503,
      1.00842373,
      1.0084238,
      1.00842382,
      1.01130813,
      1.01130817,
      1.01546556,
      1.01546561,
      1.02237717,
      1.02237723,
      1.02509625,
      1.0250963,
      1.02549217,
      1.02549227,
      1.03119521,
      1.03119526,
      1.03157043,
      1.03157051,
      1.03243129,
      1.0324313,
      1.03243135,
      1.03243137,
      1.0443685,
      1.04436854,
      1.04778753,
      1.04778763,
      1.05868954,
      1.05868958,
      1.07311146,
      1.07311158,
      1.08937971,
      1.08937978,
      1.09102031,
      1.09102037,
      1.10696923,
      1.10696934,
      1.10788329,
      1.10788338,
      1.11153949,
      1.11153952,
      1.11324807,
      1.11324812,
      1.12207878,
      1.12207885,
      1.12377136,
      1.12377139,
      1.12675683,
      1.12675692,
      1.12765483,
      1.12765495,
      1.14370308,
      1.14370314,
      1.14465637,
      1.14465647,
      1.20300184,
      1.20300188,
      1.2030019,
      1.20300191,
      1.20300192,
      1.20300195,
      1.22337509,
      1.22337519,
      1.22422299,
      1.22422307,
      1.31884601,
      1.31884613,
      1.31937503,
      1.31937509,
      1.33892661,
      1.33892671,
      1.3425269,
      1.34252701,
      1.34452608,
      1.34452623,
      1.34644639,
      1.34644647,
      1.34953939,
      1.34953943,
      1.34975839,
      1.34975853,
      1.35267164,
      1.35267174,
      1.35607855,
      1.35607865,
      1.37543943,
      1.37543954
    ],
    "magnitude_ratios": [
      1.000000456084796,
      1.0000000304056391,
      1.2202131392675228,
      1.000000174428107,
      1.0282515175118063,
      1.0000001211682952,
      1.0228558757831256,
      1.0000001184607559,
      1.0016579765445837,
      1.0000001182646618,
      1.0230597377680117,
      1.0000001618385526,
      1.0137163237435451,
      1.0000001140348092,
      1.013874750474761,
      1.0000001574639417,
      1.0241343145614823,
      1.0000001098237064,
      1.1183687904255526,
      1.0000000785599135,
      1.0026879861495743,
      1.000000058761979,
      1.3868020759352415,
      1.0000001129927654,
      1.002067753251116,
      1.0000000422848476,
      1.0479537496249158,
      1.0000000672498601,
      1.0000000134499711,
      1.000000013449971,
      1.0000000134499707,
      1.0000000134499707,
      1.0000000134499702,
      1.0000000941497915,
      1.0000000672498448,
      1.1170452938030524,
      1.0015801205347614,
      1.0000000480866769,
      1.0260016670688317,
      1.0000000703020415,
      1.0013886995615988,
      1.0000000351022718,
      1.0045888028179917,
      1.0000000465892385,
      1.002575010388526,
      1.0000000464695766,
      1.0132330129569838,
      1.0000000802596782,
      1.0024954222463047,
      1.0052931938366787,
      1.0000000227538135,
      1.001309311283493,
      1.0000000681721803,
      1.0223772439823198,
      1.00000006668006,
      1.0022065097092996,
      1.0000000443554993,
      1.021400097020997,
      1.0000000542827163,
      1.0179573078401447,
      1.0000000106650275,
      1.012976192139427,
      1.0000000105284086,
      1.0039566707133658,
      1.0000000838953227,
      1.0135404103233898,
      1.0000000517340717,
      1.0000000206936277,
      1.000950510031691,
      1.0000000206739763,
      1.0004134691821671,
      1.0000000619962943,
      1.0062418898519347,
      1.0000000102686195,
      1.00042788310101,
      1.0000000513211373,
      1.0029283326320644,
      1.0000000409370307,
      1.0073491996524282,
      1.0000000203191848,
      1.0043391414908927,
      1.0000000606941921,
      1.0029762204620098,
      1.0000000403427236,
      1.000000020171361,
      1.0079372084910616,
      1.0000000100062585,
      1.000000070043809,
      1.0000000100062578,
      1.0006257313135916,
      1.0000000900000028,
      1.0006249399625036,
      1.0000000199875076,
      1.0000000099937536,
      1.0077938286232957,
      1.0000000694152646,
      1.0000000198329313,
      1.0028602160547933,
      1.0000000395527326,
      1.004110903207674,
      1.000000049238499,
      1.0068062964732012,
      1.0000000586867566,
      1.0026595075870381,
      1.0000000487759075,
      1.0003861783522192,
      1.0000000975141528,
      1.005561173074469,
      1.0000000484874247,
      1.0003638205241554,
      1.0000000775516609,
      1.00083443641676,
      1.0000000096858748,
      1.0000000484293725,
      1.0000000193717482,
      1.0115621535211585,
      1.0000000383006573,
      1.0032737389810689,
      1.0000000954391965,
      1.0104046943176834,
      1.000000037782559,
      1.0136223877824508,
      1.0000001118243578,
      1.0151597749043022,
      1.0000000642567504,
      1.0015059302826421,
      1.0000000549943933,
      1.0146182971817475,
      1.0000000993704223,
      1.0008256326232123,
      1.000000081235994,
      1.0033000856100935,
      1.0000000269895943,
      1.0015371023425241,
      1.0000000449136193,
      1.0079323376714977,
      1.0000000623842116,
      1.0015083699331826,
      1.0000000266958216,
      1.0026566257395109,
      1.0000000798752648,
      1.0007968977017687,
      1.000000106415542,
      1.0142314189282813,
      1.0000000524611683,
      1.0008334592838488,
      1.000000087362463,
      1.050971947941726,
      1.0000000332501569,
      1.000000016625078,
      1.0000000083125389,
      1.0000000083125387,
      1.0000000249376162,
      1.0169352510193355,
      1.0000000817410792,
