{
  "timeline": 0.35,
  "matrix": [
    [
      0.862383,
      0.36461,
      0.189796,
      0.29552
    ],
    [
      -0.485587,
      0.774859,
      0.30675,
      0.264013
    ],
    [
      -0.079807,
      -0.475789,
      0.826948,
      0.288813
    ],
    [
      -0.118874,
      -0.200692,
      -0.431323,
      0.871523
    ]
  ],
  "axes": [
    [
      0.862383,
      0.36461,
      0.189796,
      0.29552
    ],
    [
      -0.485587,
      0.774859,
      0.30675,
      0.264013
    ],
    [
      -0.079807,
      -0.475789,
      0.826948,
      0.288813
    ],
    [
      -0.118874,
      -0.200692,
      -0.431323,
      0.871523
    ]
  ],
  "bridge": {
    "vector": [
      0.833928,
      -0.033025,
      0.010737,
      -0.015307
    ],
    "normalized": [
      0.998966,
      -0.039561,
      0.012862,
      -0.018336
    ],
    "magnitude": 0.834791,
    "coherence": 0.348003,
    "braidDensity": 0.25
  },
  "hopf": [
    0.863857,
    0.303585,
    0.271218,
    0.296695
  ],
  "voices": [
    {
      "index": 0,
      "frequency": 688.010247,
      "pan": -0.158247,
      "gate": 1,
      "harmonic": 0.498481,
      "ratio": 1.570261,
      "phase": 0.03111,
      "source": [
        0.498481,
        1,
        0.980956,
        0.194228
      ],
      "rotated": [
        1.038071,
        0.88499,
        0.351724,
        -0.513784
      ],
      "normalized": [
        0.692281,
        0.590193,
        0.234562,
        -0.342638
      ],
      "magnitude": 1.499494,
      "projection": 1.015932,
      "hopfProjection": 1.108371,
      "carriers": [
        {
          "band": "sub",
          "multiple": 0.386286,
          "frequency": 265.768682,
          "energy": 0.232447,
          "amplitude": 0.019716,
          "source": [
            0.232447,
            0.019716,
            0.997151,
            0.075436
          ],
          "rotated": [
            0.419195,
            0.228195,
            0.818447,
            -0.395939
          ],
          "magnitude": 1.02685
        },
        {
          "band": "prime",
          "multiple": 0.809683,
          "frequency": 557.070272,
          "energy": 0.218407,
          "amplitude": 0.018525,
          "source": [
            0.218407,
            0.018525,
            0.987502,
            0.157609
          ],
          "rotated": [
            0.429105,
            0.252825,
            0.835887,
            -0.318253
          ],
          "magnitude": 1.023741
        },
        {
          "band": "hyper",
          "multiple": 2.50467,
          "frequency": 1723.238369,
          "energy": 0.204367,
          "amplitude": 0.017334,
          "source": [
            0.204367,
            0.017334,
            0.882526,
            0.470263
          ],
          "rotated": [
            0.489035,
            0.309063,
            0.841064,
            0.001418
          ],
          "magnitude": 1.020817
        }
      ]
    },
    {
      "index": 1,
      "frequency": 321.234722,
      "pan": -0.434999,
      "gate": 1,
      "harmonic": 0.339153,
      "ratio": 1.140377,
      "phase": 0.068321,
      "source": [
        0.339153,
        1,
        0.909268,
        0.41621
      ],
      "rotated": [
        0.952664,
        0.998974,
        0.369268,
        -0.270461
      ],
      "normalized": [
        0.655061,
        0.686904,
        0.253913,
        -0.185972
      ],
      "magnitude": 1.454313,
      "projection": 0.921868,
      "hopfProjection": 1.146147,
      "carriers": [
        {
          "band": "sub",
          "multiple": 0.459997,
          "frequency": 147.766979,
          "energy": 0.284486,
          "amplitude": 0.01869,
          "source": [
            0.284486,
            0.01869,
            0.980567,
            0.196184
          ],
          "rotated": [
            0.496235,
            0.228923,
            0.835942,
            -0.289532
          ],
          "magnitude": 1.039847
        },
        {
          "band": "prime",
          "multiple": 0.802521,
          "frequency": 257.797652,
          "energy": 0.220926,
          "amplitude": 0.014514,
          "source": [
            0.220926,
            0.014514,
            0.941244,
            0.337727
          ],
          "rotated": [
            0.474265,
            0.281858,
            0.851362,
            -0.140819
          ],
          "magnitude": 1.024216
        },
        {
          "band": "hyper",
          "multiple": 1.969685,
          "frequency": 632.731186,
          "energy": 0.157367,
          "amplitude": 0.011826,
          "source": [
            0.157367,
            0.011826,
            0.663332,
            0.748325
          ],
          "rotated": [
            0.487065,
            0.333792,
            0.746482,
            0.344991
          ],
          "magnitude": 1.012375
        }
      ]
    },
    {
      "index": 2,
      "frequency": 281.910554,
      "pan": 0.126781,
      "gate": 1,
      "harmonic": 0.346099,
      "ratio": 0.98169,
      "phase": 0.03111,
      "source": [
        0.346099,
        1,
        0.980956,
        0.194228
      ],
      "rotated": [
        0.906659,
        0.958985,
        0.363885,
        -0.495669
      ],
      "normalized": [
        0.622728,
        0.658667,
        0.24993,
        -0.340445
      ],
      "magnitude": 1.455948,
      "projection": 0.881553,
      "hopfProjection": 1.025987,
      "carriers": [
        {
          "band": "sub",
          "multiple": 0.456912,
          "frequency": 128.808337,
          "energy": 0.286563,
          "amplitude": 0.019066,
          "source": [
            0.286563,
            0.019066,
            0.996014,
            0.089194
          ],
          "rotated": [
            0.469477,
            0.204697,
            0.817471,
            -0.389761
          ],
          "magnitude": 1.040424
        },
        {
          "band": "prime",
          "multiple": 0.781831,
          "frequency": 220.406407,
          "energy": 0.20667,
          "amplitude": 0.01375,
          "source": [
            0.20667,
            0.01375,
            0.988345,
            0.152231
          ],
          "rotated": [
            0.415814,
            0.253663,
            0.83824,
            -0.320951
          ],
          "magnitude": 1.021226
        },
        {
          "band": "hyper",
          "multiple": 1.828353,
          "frequency": 515.432066,
          "energy": 0.126777,
          "amplitude": 0.011976,
          "source": [
            0.126777,
            0.011976,
            0.936813,
            0.349829
          ],
          "rotated": [
            0.394882,
            0.327445,
            0.859915,
            -0.116659
          ],
          "magnitude": 1.008075
        }
      ]
    },
    {
      "index": 3,
      "frequency": 322.873549,
      "pan": 0.949426,
      "gate": 1,
      "harmonic": 0.371807,
      "ratio": 1.046982,
      "phase": 0.068321,
      "source": [
        0.371807,
        1,
        0.909268,
        0.41621
      ],
      "rotated": [
        0.980824,
        0.983117,
        0.366662,
        -0.274342
      ],
      "normalized": [
        0.670753,
        0.672321,
        0.250748,
        -0.187614
      ],
      "magnitude": 1.462272,
      "projection": 0.950664,
      "hopfProjection": 1.163801,
      "carriers": [
        {
          "band": "sub",
          "multiple": 0.467887,
          "frequency": 151.068254,
          "energy": 0.333143,
          "amplitude": 0.023192,
          "source": [
            0.333143,
            0.023192,
            0.979897,
            0.199504
          ],
          "rotated": [
            0.540691,
            0.209456,
            0.830321,
            -0.293037
          ],
          "magnitude": 1.054288
        },
        {
          "band": "prime",